<list>
	<default chname="impreza">
		<server ip="pool2.gaduradio.pl" port="80" authport="443"></server>
	</default>

	<channel description="Orange Music" chname="klienta">
		<server ip="pool2.gaduradio.pl" port="80" authport="443"></server>
		<server ip="zaba1a.gaduradio.pl" port="80" authport="443"></server>
		<server ip="zaba4a.gaduradio.pl" port="80" authport="443"></server>
		<server ip="zaba5a.gaduradio.pl" port="80" authport="443"></server>
		<server ip="zaba8a.gaduradio.pl" port="80" authport="443"></server>
		<server ip="zaba2a.gaduradio.pl" port="80" authport="443"></server>
		<server ip="zaba3a.gaduradio.pl" port="80" authport="443"></server>
		<server ip="zaba6a.gaduradio.pl" port="80" authport="443"></server>
		<server ip="zaba7a.gaduradio.pl" port="80" authport="443"></server>
	</channel>

	<channel description="GR Impreza - Zidane? Mleczny Start?" chname="impreza">
		<server ip="pool2.gaduradio.pl" port="80" authport="443"></server>
		<server ip="zaba4a.gaduradio.pl" port="80" authport="443"></server>
		<server ip="zaba5a.gaduradio.pl" port="80" authport="443"></server>
		<server ip="zaba8a.gaduradio.pl" port="80" authport="443"></server>
		<server ip="zaba2a.gaduradio.pl" port="80" authport="443"></server>
		<server ip="zaba3a.gaduradio.pl" port="80" authport="443"></server>
		<server ip="zaba6a.gaduradio.pl" port="80" authport="443"></server>
		<server ip="zaba7a.gaduradio.pl" port="80" authport="443"></server>
		<server ip="zaba1a.gaduradio.pl" port="80" authport="443"></server>
	</channel>

	<channel description="Gadu Radio House" chname="house">
		<server ip="pool2.gaduradio.pl" port="80" authport="443"></server>
		<server ip="zaba5a.gaduradio.pl" port="80" authport="443"></server>
		<server ip="zaba8a.gaduradio.pl" port="80" authport="443"></server>
		<server ip="zaba2a.gaduradio.pl" port="80" authport="443"></server>
		<server ip="zaba3a.gaduradio.pl" port="80" authport="443"></server>
		<server ip="zaba6a.gaduradio.pl" port="80" authport="443"></server>
		<server ip="zaba7a.gaduradio.pl" port="80" authport="443"></server>
		<server ip="zaba1a.gaduradio.pl" port="80" authport="443"></server>
		<server ip="zaba4a.gaduradio.pl" port="80" authport="443"></server>
	</channel>

	<channel description="Gadu Radio Modern Rock" chname="rock">
		<server ip="pool2.gaduradio.pl" port="80" authport="443"></server>
		<server ip="zaba8a.gaduradio.pl" port="80" authport="443"></server>
		<server ip="zaba2a.gaduradio.pl" port="80" authport="443"></server>
		<server ip="zaba3a.gaduradio.pl" port="80" authport="443"></server>
		<server ip="zaba6a.gaduradio.pl" port="80" authport="443"></server>
		<server ip="zaba7a.gaduradio.pl" port="80" authport="443"></server>
		<server ip="zaba1a.gaduradio.pl" port="80" authport="443"></server>
		<server ip="zaba4a.gaduradio.pl" port="80" authport="443"></server>
		<server ip="zaba5a.gaduradio.pl" port="80" authport="443"></server>
	</channel>

	<channel description="Gadu Radio Po Polsku" chname="popolsku">
		<server ip="pool2.gaduradio.pl" port="80" authport="443"></server>
		<server ip="zaba2a.gaduradio.pl" port="80" authport="443"></server>
		<server ip="zaba3a.gaduradio.pl" port="80" authport="443"></server>
		<server ip="zaba6a.gaduradio.pl" port="80" authport="443"></server>
		<server ip="zaba7a.gaduradio.pl" port="80" authport="443"></server>
		<server ip="zaba1a.gaduradio.pl" port="80" authport="443"></server>
		<server ip="zaba4a.gaduradio.pl" port="80" authport="443"></server>
		<server ip="zaba5a.gaduradio.pl" port="80" authport="443"></server>
		<server ip="zaba8a.gaduradio.pl" port="80" authport="443"></server>
	</channel>

	<channel description="Gadu Radio Smak 80 lat" chname="smak80lat">
		<server ip="pool2.gaduradio.pl" port="80" authport="443"></server>
		<server ip="zaba3a.gaduradio.pl" port="80" authport="443"></server>
		<server ip="zaba6a.gaduradio.pl" port="80" authport="443"></server>
		<server ip="zaba7a.gaduradio.pl" port="80" authport="443"></server>
		<server ip="zaba1a.gaduradio.pl" port="80" authport="443"></server>
		<server ip="zaba4a.gaduradio.pl" port="80" authport="443"></server>
		<server ip="zaba5a.gaduradio.pl" port="80" authport="443"></server>
		<server ip="zaba8a.gaduradio.pl" port="80" authport="443"></server>
		<server ip="zaba2a.gaduradio.pl" port="80" authport="443"></server>
	</channel>

	<channel description="Gadu Radio We Dwoje" chname="wedwoje">
		<server ip="pool2.gaduradio.pl" port="80" authport="443"></server>
		<server ip="zaba6a.gaduradio.pl" port="80" authport="443"></server>
		<server ip="zaba7a.gaduradio.pl" port="80" authport="443"></server>
		<server ip="zaba1a.gaduradio.pl" port="80" authport="443"></server>
		<server ip="zaba4a.gaduradio.pl" port="80" authport="443"></server>
		<server ip="zaba5a.gaduradio.pl" port="80" authport="443"></server>
		<server ip="zaba8a.gaduradio.pl" port="80" authport="443"></server>
		<server ip="zaba2a.gaduradio.pl" port="80" authport="443"></server>
		<server ip="zaba3a.gaduradio.pl" port="80" authport="443"></server>
	</channel>

	<channel description="Gadu Radio Disco Polo" chname="discopolo">
		<server ip="pool2.gaduradio.pl" port="80" authport="443"></server>
		<server ip="zaba7a.gaduradio.pl" port="80" authport="443"></server>
		<server ip="zaba1a.gaduradio.pl" port="80" authport="443"></server>
		<server ip="zaba4a.gaduradio.pl" port="80" authport="443"></server>
		<server ip="zaba5a.gaduradio.pl" port="80" authport="443"></server>
		<server ip="zaba8a.gaduradio.pl" port="80" authport="443"></server>
		<server ip="zaba2a.gaduradio.pl" port="80" authport="443"></server>
		<server ip="zaba3a.gaduradio.pl" port="80" authport="443"></server>
		<server ip="zaba6a.gaduradio.pl" port="80" authport="443"></server>
	</channel>

	<channel description="GR Dyskotekowo - Zidane? Mleczny Start?" chname="eurodance">
		<server ip="pool2.gaduradio.pl" port="80" authport="443"></server>
		<server ip="zaba1a.gaduradio.pl" port="80" authport="443"></server>
		<server ip="zaba4a.gaduradio.pl" port="80" authport="443"></server>
		<server ip="zaba5a.gaduradio.pl" port="80" authport="443"></server>
		<server ip="zaba8a.gaduradio.pl" port="80" authport="443"></server>
		<server ip="zaba2a.gaduradio.pl" port="80" authport="443"></server>
		<server ip="zaba3a.gaduradio.pl" port="80" authport="443"></server>
		<server ip="zaba6a.gaduradio.pl" port="80" authport="443"></server>
		<server ip="zaba7a.gaduradio.pl" port="80" authport="443"></server>
	</channel>

	<channel description="GR Hip-Hop - Zidane? Mleczny Start?" chname="hiphop">
		<server ip="pool2.gaduradio.pl" port="80" authport="443"></server>
		<server ip="zaba1a.gaduradio.pl" port="80" authport="443"></server>
		<server ip="zaba4a.gaduradio.pl" port="80" authport="443"></server>
		<server ip="zaba5a.gaduradio.pl" port="80" authport="443"></server>
		<server ip="zaba8a.gaduradio.pl" port="80" authport="443"></server>
		<server ip="zaba2a.gaduradio.pl" port="80" authport="443"></server>
		<server ip="zaba3a.gaduradio.pl" port="80" authport="443"></server>
		<server ip="zaba6a.gaduradio.pl" port="80" authport="443"></server>
		<server ip="zaba7a.gaduradio.pl" port="80" authport="443"></server>
	</channel>

	<channel description="Gadu Radio Alternatywnie" chname="alternatywnie">
		<server ip="pool2.gaduradio.pl" port="80" authport="443"></server>
		<server ip="zaba1a.gaduradio.pl" port="80" authport="443"></server>
		<server ip="zaba4a.gaduradio.pl" port="80" authport="443"></server>
		<server ip="zaba5a.gaduradio.pl" port="80" authport="443"></server>
		<server ip="zaba8a.gaduradio.pl" port="80" authport="443"></server>
		<server ip="zaba2a.gaduradio.pl" port="80" authport="443"></server>
		<server ip="zaba3a.gaduradio.pl" port="80" authport="443"></server>
		<server ip="zaba6a.gaduradio.pl" port="80" authport="443"></server>
		<server ip="zaba7a.gaduradio.pl" port="80" authport="443"></server>
	</channel>

	<channel description="Gadu Radio Trance" chname="trance">
		<server ip="pool2.gaduradio.pl" port="80" authport="443"></server>
		<server ip="zaba1a.gaduradio.pl" port="80" authport="443"></server>
		<server ip="zaba4a.gaduradio.pl" port="80" authport="443"></server>
		<server ip="zaba5a.gaduradio.pl" port="80" authport="443"></server>
		<server ip="zaba8a.gaduradio.pl" port="80" authport="443"></server>
		<server ip="zaba2a.gaduradio.pl" port="80" authport="443"></server>
		<server ip="zaba3a.gaduradio.pl" port="80" authport="443"></server>
		<server ip="zaba6a.gaduradio.pl" port="80" authport="443"></server>
		<server ip="zaba7a.gaduradio.pl" port="80" authport="443"></server>
	</channel>

	<channel description="Gadu Radio Szanty" chname="szanty">
		<server ip="pool2.gaduradio.pl" port="80" authport="443"></server>
		<server ip="zaba1a.gaduradio.pl" port="80" authport="443"></server>
		<server ip="zaba4a.gaduradio.pl" port="80" authport="443"></server>
		<server ip="zaba5a.gaduradio.pl" port="80" authport="443"></server>
		<server ip="zaba8a.gaduradio.pl" port="80" authport="443"></server>
		<server ip="zaba2a.gaduradio.pl" port="80" authport="443"></server>
		<server ip="zaba3a.gaduradio.pl" port="80" authport="443"></server>
		<server ip="zaba6a.gaduradio.pl" port="80" authport="443"></server>
		<server ip="zaba7a.gaduradio.pl" port="80" authport="443"></server>
	</channel>

	<channel description="Gadu Radio Czarne Brzmienia" chname="black">
		<server ip="pool2.gaduradio.pl" port="80" authport="443"></server>
		<server ip="zaba1a.gaduradio.pl" port="80" authport="443"></server>
		<server ip="zaba4a.gaduradio.pl" port="80" authport="443"></server>
		<server ip="zaba5a.gaduradio.pl" port="80" authport="443"></server>
		<server ip="zaba8a.gaduradio.pl" port="80" authport="443"></server>
		<server ip="zaba2a.gaduradio.pl" port="80" authport="443"></server>
		<server ip="zaba3a.gaduradio.pl" port="80" authport="443"></server>
		<server ip="zaba6a.gaduradio.pl" port="80" authport="443"></server>
		<server ip="zaba7a.gaduradio.pl" port="80" authport="443"></server>
	</channel>

	<channel description="Gadu Radio Jazz" chname="jazz">
		<server ip="pool2.gaduradio.pl" port="80" authport="443"></server>
		<server ip="zaba1a.gaduradio.pl" port="80" authport="443"></server>
		<server ip="zaba4a.gaduradio.pl" port="80" authport="443"></server>
		<server ip="zaba5a.gaduradio.pl" port="80" authport="443"></server>
		<server ip="zaba8a.gaduradio.pl" port="80" authport="443"></server>
		<server ip="zaba2a.gaduradio.pl" port="80" authport="443"></server>
		<server ip="zaba3a.gaduradio.pl" port="80" authport="443"></server>
		<server ip="zaba6a.gaduradio.pl" port="80" authport="443"></server>
		<server ip="zaba7a.gaduradio.pl" port="80" authport="443"></server>
	</channel>

	<channel description="GR Pop-Delikates - Zidane? Mleczny Start?" chname="pop">
		<server ip="pool2.gaduradio.pl" port="80" authport="443"></server>
		<server ip="zaba1a.gaduradio.pl" port="80" authport="443"></server>
		<server ip="zaba4a.gaduradio.pl" port="80" authport="443"></server>
		<server ip="zaba5a.gaduradio.pl" port="80" authport="443"></server>
		<server ip="zaba8a.gaduradio.pl" port="80" authport="443"></server>
		<server ip="zaba2a.gaduradio.pl" port="80" authport="443"></server>
		<server ip="zaba3a.gaduradio.pl" port="80" authport="443"></server>
		<server ip="zaba6a.gaduradio.pl" port="80" authport="443"></server>
		<server ip="zaba7a.gaduradio.pl" port="80" authport="443"></server>
	</channel>

	<channel description="Gadu Radio Starter" chname="przedsmak">
		<server ip="pool2.gaduradio.pl" port="80" authport="443"></server>
		<server ip="zaba1a.gaduradio.pl" port="80" authport="443"></server>
		<server ip="zaba4a.gaduradio.pl" port="80" authport="443"></server>
		<server ip="zaba5a.gaduradio.pl" port="80" authport="443"></server>
		<server ip="zaba8a.gaduradio.pl" port="80" authport="443"></server>
		<server ip="zaba2a.gaduradio.pl" port="80" authport="443"></server>
		<server ip="zaba3a.gaduradio.pl" port="80" authport="443"></server>
		<server ip="zaba6a.gaduradio.pl" port="80" authport="443"></server>
		<server ip="zaba7a.gaduradio.pl" port="80" authport="443"></server>
	</channel>

	<channel description="Gadu Radio Chillout" chname="klientc">
		<server ip="pool2.gaduradio.pl" port="80" authport="443"></server>
		<server ip="zaba1a.gaduradio.pl" port="80" authport="443"></server>
		<server ip="zaba4a.gaduradio.pl" port="80" authport="443"></server>
		<server ip="zaba5a.gaduradio.pl" port="80" authport="443"></server>
		<server ip="zaba8a.gaduradio.pl" port="80" authport="443"></server>
		<server ip="zaba2a.gaduradio.pl" port="80" authport="443"></server>
		<server ip="zaba3a.gaduradio.pl" port="80" authport="443"></server>
		<server ip="zaba6a.gaduradio.pl" port="80" authport="443"></server>
		<server ip="zaba7a.gaduradio.pl" port="80" authport="443"></server>
	</channel>

	<channel description="Gadu Radio Classic Rock" chname="klientb">
		<server ip="pool2.gaduradio.pl" port="80" authport="443"></server>
		<server ip="zaba1a.gaduradio.pl" port="80" authport="443"></server>
		<server ip="zaba4a.gaduradio.pl" port="80" authport="443"></server>
		<server ip="zaba5a.gaduradio.pl" port="80" authport="443"></server>
		<server ip="zaba8a.gaduradio.pl" port="80" authport="443"></server>
		<server ip="zaba2a.gaduradio.pl" port="80" authport="443"></server>
		<server ip="zaba3a.gaduradio.pl" port="80" authport="443"></server>
		<server ip="zaba6a.gaduradio.pl" port="80" authport="443"></server>
		<server ip="zaba7a.gaduradio.pl" port="80" authport="443"></server>
	</channel>
	<version>2008031301</version>
</list>
