<list>
	<default chname="impreza">
		<server ip="pool1.gaduradio.pl" port="80" authport="443"></server>
	</default>
	<channel description="Gadu Radio Impreza" chname="impreza">
		<server ip="pool1.gaduradio.pl" port="80" authport="443"></server>
		<server ip="frog2b.gaduradio.pl" port="80" authport="443"></server>
		<server ip="frog3a.gaduradio.pl" port="80" authport="443"></server>
		<server ip="frog4b.gaduradio.pl" port="80" authport="443"></server>
		<server ip="frog1a.gaduradio.pl" port="80" authport="443"></server>
		<server ip="frog2a.gaduradio.pl" port="80" authport="443"></server>
		<server ip="frog3b.gaduradio.pl" port="80" authport="443"></server>
		<server ip="frog4a.gaduradio.pl" port="80" authport="443"></server>
		<server ip="frog1b.gaduradio.pl" port="80" authport="443"></server>
	</channel>
	<channel description="Gadu Radio House" chname="house">
		<server ip="pool1.gaduradio.pl" port="80" authport="443"></server>
		<server ip="frog1b.gaduradio.pl" port="80" authport="443"></server>
		<server ip="frog2a.gaduradio.pl" port="80" authport="443"></server>
		<server ip="frog3b.gaduradio.pl" port="80" authport="443"></server>
		<server ip="frog4a.gaduradio.pl" port="80" authport="443"></server>
		<server ip="frog1a.gaduradio.pl" port="80" authport="443"></server>
		<server ip="frog2b.gaduradio.pl" port="80" authport="443"></server>
		<server ip="frog3a.gaduradio.pl" port="80" authport="443"></server>
		<server ip="frog4b.gaduradio.pl" port="80" authport="443"></server>
	</channel>
	<channel description="Gadu Radio Rock" chname="rock">
		<server ip="pool1.gaduradio.pl" port="80" authport="443"></server>
		<server ip="frog2a.gaduradio.pl" port="80" authport="443"></server>
		<server ip="frog3b.gaduradio.pl" port="80" authport="443"></server>
		<server ip="frog4a.gaduradio.pl" port="80" authport="443"></server>
		<server ip="frog1b.gaduradio.pl" port="80" authport="443"></server>
		<server ip="frog2b.gaduradio.pl" port="80" authport="443"></server>
		<server ip="frog3a.gaduradio.pl" port="80" authport="443"></server>
		<server ip="frog4b.gaduradio.pl" port="80" authport="443"></server>
		<server ip="frog1a.gaduradio.pl" port="80" authport="443"></server>
	</channel>
	<channel description="Gadu Radio Po Polsku" chname="popolsku">
		<server ip="pool1.gaduradio.pl" port="80" authport="443"></server>
		<server ip="frog1a.gaduradio.pl" port="80" authport="443"></server>
		<server ip="frog2b.gaduradio.pl" port="80" authport="443"></server>
		<server ip="frog3a.gaduradio.pl" port="80" authport="443"></server>
		<server ip="frog4b.gaduradio.pl" port="80" authport="443"></server>
		<server ip="frog1b.gaduradio.pl" port="80" authport="443"></server>
		<server ip="frog2a.gaduradio.pl" port="80" authport="443"></server>
		<server ip="frog3b.gaduradio.pl" port="80" authport="443"></server>
		<server ip="frog4a.gaduradio.pl" port="80" authport="443"></server>
	</channel>
	<channel description="Gadu Radio Smak 80 lat" chname="smak80lat">
		<server ip="pool1.gaduradio.pl" port="80" authport="443"></server>
		<server ip="frog3a.gaduradio.pl" port="80" authport="443"></server>
		<server ip="frog4b.gaduradio.pl" port="80" authport="443"></server>
		<server ip="frog1a.gaduradio.pl" port="80" authport="443"></server>
		<server ip="frog2b.gaduradio.pl" port="80" authport="443"></server>
		<server ip="frog3b.gaduradio.pl" port="80" authport="443"></server>
		<server ip="frog4a.gaduradio.pl" port="80" authport="443"></server>
		<server ip="frog1b.gaduradio.pl" port="80" authport="443"></server>
		<server ip="frog2a.gaduradio.pl" port="80" authport="443"></server>
	</channel>
	<channel description="Gadu Radio We Dwoje" chname="wedwoje">
		<server ip="pool1.gaduradio.pl" port="80" authport="443"></server>
		<server ip="frog4b.gaduradio.pl" port="80" authport="443"></server>
		<server ip="frog1a.gaduradio.pl" port="80" authport="443"></server>
		<server ip="frog2b.gaduradio.pl" port="80" authport="443"></server>
		<server ip="frog3a.gaduradio.pl" port="80" authport="443"></server>
		<server ip="frog4a.gaduradio.pl" port="80" authport="443"></server>
		<server ip="frog1b.gaduradio.pl" port="80" authport="443"></server>
		<server ip="frog2a.gaduradio.pl" port="80" authport="443"></server>
		<server ip="frog3b.gaduradio.pl" port="80" authport="443"></server>
	</channel>

	<channel description="Gadu Radio Disco Polo" chname="discopolo">
		<server ip="pool1.gaduradio.pl" port="80" authport="443"></server>
		<server ip="frog1b.gaduradio.pl" port="80" authport="443"></server>
		<server ip="frog2a.gaduradio.pl" port="80" authport="443"></server>
		<server ip="frog3b.gaduradio.pl" port="80" authport="443"></server>
		<server ip="frog4b.gaduradio.pl" port="80" authport="443"></server>
		<server ip="frog1a.gaduradio.pl" port="80" authport="443"></server>
		<server ip="frog2b.gaduradio.pl" port="80" authport="443"></server>
		<server ip="frog3a.gaduradio.pl" port="80" authport="443"></server>
		<server ip="frog4a.gaduradio.pl" port="80" authport="443"></server>
	</channel>

	<channel description="Gadu Radio Eurodance 90" chname="eurodance">
		<server ip="pool1.gaduradio.pl" port="80" authport="443"></server>
		<server ip="frog1a.gaduradio.pl" port="80" authport="443"></server>
		<server ip="frog2b.gaduradio.pl" port="80" authport="443"></server>
		<server ip="frog3a.gaduradio.pl" port="80" authport="443"></server>
		<server ip="frog4a.gaduradio.pl" port="80" authport="443"></server>
		<server ip="frog1b.gaduradio.pl" port="80" authport="443"></server>
		<server ip="frog2a.gaduradio.pl" port="80" authport="443"></server>
		<server ip="frog3b.gaduradio.pl" port="80" authport="443"></server>
		<server ip="frog4b.gaduradio.pl" port="80" authport="443"></server>
	</channel>

	<channel description="Gadu Radio Hip-Hop" chname="hiphop">
		<server ip="pool1.gaduradio.pl" port="80" authport="443"></server>
		<server ip="frog3a.gaduradio.pl" port="80" authport="443"></server>
		<server ip="frog4a.gaduradio.pl" port="80" authport="443"></server>
		<server ip="frog1b.gaduradio.pl" port="80" authport="443"></server>
		<server ip="frog2a.gaduradio.pl" port="80" authport="443"></server>
		<server ip="frog3b.gaduradio.pl" port="80" authport="443"></server>
		<server ip="frog4b.gaduradio.pl" port="80" authport="443"></server>
		<server ip="frog1a.gaduradio.pl" port="80" authport="443"></server>
		<server ip="frog2b.gaduradio.pl" port="80" authport="443"></server>
	</channel>

	<channel description="Gadu Radio Alternatywnie" chname="alternatywnie">
		<server ip="pool1.gaduradio.pl" port="80" authport="443"></server>
		<server ip="frog4a.gaduradio.pl" port="80" authport="443"></server>
		<server ip="frog1b.gaduradio.pl" port="80" authport="443"></server>
		<server ip="frog2a.gaduradio.pl" port="80" authport="443"></server>
		<server ip="frog3b.gaduradio.pl" port="80" authport="443"></server>
		<server ip="frog4b.gaduradio.pl" port="80" authport="443"></server>
		<server ip="frog1a.gaduradio.pl" port="80" authport="443"></server>
		<server ip="frog2b.gaduradio.pl" port="80" authport="443"></server>
		<server ip="frog3a.gaduradio.pl" port="80" authport="443"></server>
	</channel>
	<version>2006090401</version>
</list>
